525	american_football.football_coach
1696	american_football.football_coach_position
1070	american_football.football_conference
1712	american_football.football_division
931	american_football.football_game
1860	american_football.football_game_score
838	american_football.football_historical_coach_position
110	american_football.football_player
1975	american_football.football_scoring_event
914	american_football.football_team
232	american_football.forty_yard_dash_time
928	american_football.game_passing_statistics
929	american_football.game_receiving_statistics
927	american_football.game_rushing_statistics
930	american_football.nfl_game
937	american_football.player_game_statistics
924	american_football.player_passing_statistics
926	american_football.player_receiving_statistics
925	american_football.player_rushing_statistics
1751	american_football.scoreboard_quarter
392	american_football.super_bowl
1013	amusement_parks.accident
1226	amusement_parks.amusement_park_area
550	amusement_parks.disney_ride
1862	amusement_parks.disney_ride_ticket
816	amusement_parks.disney_ride_ticket_membership
665	amusement_parks.park
549	amusement_parks.ride
1527	amusement_parks.ride_designer
892	amusement_parks.ride_manufacturer
700	amusement_parks.ride_theme
972	amusement_parks.ride_type
548	amusement_parks.roller_coaster
2002	amusement_parks.roller_coaster_material
1709	amusement_parks.roller_coaster_propulsion_system
1946	amusement_parks.roller_coaster_train_configuration
287	architecture.architect
1201	architecture.architectural_contractor
583	architecture.architectural_structure_owner
849	architecture.architectural_style
881	architecture.architecture_firm
1120	architecture.architecture_firm_partners
158	architecture.building
621	architecture.building_complex
1722	architecture.building_complex_function
705	architecture.building_function
605	architecture.building_occupant
1554	architecture.civil_engineer
1369	architecture.destruction_method
941	architecture.engineer
1400	architecture.engineering_firm
481	architecture.house
1790	architecture.landscape_architect
684	architecture.landscape_project
1727	architecture.light_attributes
1472	architecture.light_characteristic
1470	architecture.light_color_range
1596	architecture.light_sequence
364	architecture.lighthouse
1638	architecture.lighthouse_construction_material
537	architecture.museum
1042	architecture.museum_director
1064	architecture.occupancy
806	architecture.ownership
484	architecture.skyscraper
1025	architecture.structural_engineer
136	architecture.structure
1197	architecture.tower
1934	architecture.tower_shape
1340	architecture.type_of_museum
1455	architecture.unrealized_design
106	architecture.venue
2031	astronomy.apparent_dimension
1701	astronomy.apparent_mass
1528	astronomy.asterism
578	astronomy.asteroid
1806	astronomy.asteroid_family
1477	astronomy.asteroid_group
1364	astronomy.asteroid_spectral_type
676	astronomy.astronomer
418	astronomy.astronomical_discovery
1805	astronomy.astronomical_discovery_status
1631	astronomy.astronomical_discovery_technique
727	astronomy.astronomical_observatory
726	astronomy.astronomical_survey_project_organization
351	astronomy.celestial_object
1577	astronomy.celestial_object_age
1478	astronomy.celestial_object_category
1530	astronomy.celestial_object_with_coordinate_system
1293	astronomy.comet
1735	astronomy.comet_group
1437	astronomy.constellation
994	astronomy.constellation_bordering_relationship
1776	astronomy.dwarf_planet
687	astronomy.extraterrestrial_location
1798	astronomy.galactic_cluster
1581	astronomy.galactic_filament
1937	astronomy.galactic_group
1929	astronomy.galactic_interaction
1601	astronomy.galactic_interaction_status
1992	astronomy.galactic_interaction_type
1518	astronomy.galactic_shape
1650	astronomy.galactic_super_cluster
551	astronomy.galaxy
1421	astronomy.galaxy_classification_code
1157	astronomy.meteor_shower
1401	astronomy.meteor_shower_occurrence
1683	astronomy.meteoric_composition
958	astronomy.meteorite
1957	astronomy.meteorite_source
421	astronomy.moon
677	astronomy.near_earth_object
1980	astronomy.near_earth_object_classification
782	astronomy.nebula
1341	astronomy.number_of_stars
1487	astronomy.orbit_type
420	astronomy.orbital_relationship
1529	astronomy.planet
1467	astronomy.planetographic_coordinate
1724	astronomy.planetographic_coordinate_system
1777	astronomy.plutoid
2038	astronomy.satellite_galaxy
1935	astronomy.scattered_disc_object
1412	astronomy.spectral_type
566	astronomy.star
799	astronomy.star_system
419	astronomy.star_system_body
1325	astronomy.supernova
725	astronomy.telescope
1399	astronomy.telescope_platform
1966	astronomy.telescope_principle_type
1580	astronomy.telescope_type
1829	astronomy.trans_neptunian_object
1762	astronomy.trans_neptunian_region
1613	astronomy.type_of_planetographic_feature
592	atom.feed
993	atom.feed_category
997	atom.feed_item
1009	atom.feed_link
1137	atom.feed_person
234	automotive.automotive_class
1435	automotive.body_style
385	automotive.company
769	automotive.designer
1446	automotive.driveline
1026	automotive.engine
1187	automotive.engine_type
638	automotive.exterior_color
1565	automotive.fuel
1700	automotive.fuel_delivery_method
722	automotive.generation
1189	automotive.make
1233	automotive.manufacturing_plant
1544	automotive.manufacturing_plant_model_relationship
531	automotive.model
1838	automotive.model_year
1342	automotive.platform
1552	automotive.privately_owned_vehicle
1028	automotive.similar_automobile_models
1405	automotive.transmission
1608	automotive.transmission_type
1977	automotive.trim_level
1757	automotive.upholstery
1754	automotive.us_fuel_economy
1286	automotive.warranty
1481	aviation.accident_type
460	aviation.aircraft
833	aviation.aircraft_designer
766	aviation.aircraft_engine_type
1121	aviation.aircraft_line
513	aviation.aircraft_manufacturer
362	aviation.aircraft_model
334	aviation.aircraft_owner
617	aviation.aircraft_ownership_count
1522	aviation.aircraft_status
1141	aviation.aircraft_type
333	aviation.airline
634	aviation.airline_airport_presence
1873	aviation.airline_alliance
574	aviation.airliner_accident
307	aviation.airport
1321	aviation.airport_operator
1177	aviation.airport_runway
1978	aviation.airport_runway_surface
1525	aviation.airport_terminal
1127	aviation.airport_type
981	aviation.aviation_incident_aircraft_relationship
88	aviation.aviation_waypoint
1535	aviation.cargo_by_year
795	aviation.comparable_aircraft_relationship
1489	aviation.iata_airline_designator
1598	aviation.icao_airline_designator
1442	aviation.waypoint_type
570	award.award
1429	award.award_achievement_level
1092	award.award_announcement
225	award.award_category
207	award.award_ceremony
506	award.award_discipline
36	award.award_honor
412	award.award_judge
756	award.award_judging_term
107	award.award_nominated_work
17	award.award_nomination
274	award.award_nomination_announcement
40	award.award_nominee
488	award.award_presenting_organization
94	award.award_winner
64	award.award_winning_work
227	award.category_ceremony_relationship
315	award.competition
1252	award.competition_type
509	award.competitor
1060	award.hall_of_fame
1684	award.hall_of_fame_discipline
218	award.hall_of_fame_inductee
793	award.hall_of_fame_induction
1275	award.hall_of_fame_induction_category
1061	award.long_list_nomination
715	award.long_list_nominee
294	award.long_listed_work
327	award.ranked_item
222	award.ranked_list
691	award.ranked_list_compiler
261	award.ranking
1099	award.recurring_award_ceremony
733	award.recurring_competition
2069	baseball.baseball_historical_managerial_position
2066	baseball.baseball_player
2070	baseball.current_coaching_tenure
2071	baseball.historical_coaching_tenure
573	basketball.basketball_coach
1069	basketball.basketball_conference
1068	basketball.basketball_division
875	basketball.basketball_historical_coach_position
59	basketball.basketball_player
1377	basketball.basketball_player_career_stats
827	basketball.basketball_player_stats
1900	basketball.basketball_position
438	basketball.basketball_team
1011	basketball.basketball_team_stats
1173	bicycles.bicycle_manufacturer
895	bicycles.bicycle_model
501	bicycles.bicycle_type
1415	biology.amino_acid
331	biology.animal
330	biology.animal_breed
1370	biology.animal_owner
1242	biology.animal_ownership
1452	biology.breed_coloring
1787	biology.breed_group
1192	biology.breed_origin
1196	biology.breed_registration
1940	biology.breed_registry
813	biology.breed_temperament
1438	biology.chromosome
636	biology.cytogenetic_band
731	biology.deceased_organism
1463	biology.domesticated_animal
1135	biology.fossil_site
1507	biology.fossil_specimen
500	biology.gene
640	biology.gene_group
643	biology.gene_group_membership
645	biology.gene_group_membership_evidence
1819	biology.gene_ontology_data_source
639	biology.gene_ontology_group
644	biology.gene_ontology_group_membership_evidence
1560	biology.gene_ontology_group_membership_evidence_type
1905	biology.gene_ontology_group_type
1474	biology.genome
1907	biology.genome_build
1854	biology.genome_curator
635	biology.genomic_locus
1007	biology.hybrid
1008	biology.hybrid_parent_classification
1842	biology.hybrid_parent_gender
1014	biology.hybrid_parentage
1285	biology.informal_biological_grouping
547	biology.organism
10	biology.organism_classification
1001	biology.organism_classification_placement
675	biology.organism_classification_rank
1234	biology.organism_part
716	biology.owned_animal
717	biology.pedigreed_animal
1145	biology.plant_disease
1146	biology.plant_disease_cause
1830	biology.plant_disease_conditions
1547	biology.plant_disease_documentation
1605	biology.plant_disease_host
1548	biology.plant_disease_triangle
589	biology.protein
1620	biology.source_organism
1503	biology.taxon_with_sequenced_genome
1300	biology.taxonomic_authority
1511	boats.boat_disposition
1627	boats.boat_fate
1894	boats.engine
1924	boats.engine_fuel
1693	boats.hull_configuration
1852	boats.hull_material
1557	boats.means_of_propulsion
986	boats.nuclear_powerplant
300	boats.ship
1021	boats.ship_builder
552	boats.ship_class
1214	boats.ship_designer
532	boats.ship_owner
830	boats.ship_ownership
985	boats.ship_powerplant
1747	boats.ship_powerplant_system
744	boats.ship_type
852	boats.warship_armament
1287	book.audio_book_reader
153	book.author
42	book.book
1457	book.book_binding
382	book.book_character
58	book.book_edition
1107	book.book_edition_series
326	book.book_subject
1036	book.cited_work
78	book.contents
1309	book.editor_title
117	book.editorial_tenure
1460	book.excerpt
1418	book.excerpted_work
1114	book.financial_support_provider
667	book.illustrator
1417	book.interview
1006	book.interviewee
1216	book.interviewer
923	book.isbn
511	book.journal
320	book.journal_article
344	book.journal_publication
305	book.literary_series
427	book.magazine
886	book.magazine_genre
805	book.magazine_issue
449	book.newspaper
890	book.newspaper_circulation
1704	book.newspaper_edition_type
1100	book.newspaper_issue
564	book.newspaper_owner
1680	book.newspaper_price
831	book.pagination
319	book.periodical
452	book.periodical_editor
1972	book.periodical_format
648	book.periodical_format_period
244	book.periodical_frequency
116	book.periodical_publication_date
84	book.periodical_publisher
26	book.periodical_publisher_period
885	book.periodical_subject
1230	book.place_of_publication_period
533	book.poem
1022	book.poem_character
1407	book.poetic_meter
954	book.poetic_verse_form
68	book.publication
237	book.published_work
1062	book.publisher_imprint_tenure
127	book.publishing_company
1205	book.report_issuing_institution
343	book.review
342	book.reviewed_work
956	book.scholarly_financial_support
321	book.scholarly_work
946	book.school_or_movement
1248	book.serial_installment
828	book.serialized_work
381	book.series_editor
594	book.short_non_fiction
1617	book.short_non_fiction_variety
239	book.short_story
1301	book.technical_report
405	book.translated_work
329	book.translation
894	book.translator
43	book.written_work
1883	boxing.boxing_decision
1054	boxing.boxing_match
1541	boxing.boxing_sanctioning_body
1799	boxing.boxing_title
1863	boxing.boxing_title_tenure
1053	boxing.match_boxer_relationship
1865	broadcast.advisory
1498	broadcast.am_terrestrial_broadcast_facility
363	broadcast.artist
177	broadcast.broadcast
1952	broadcast.broadcast_station_class
1079	broadcast.cable_satellite_availability
973	broadcast.callsign_duration
707	broadcast.content
859	broadcast.distributor
1378	broadcast.fm_terrestrial_broadcast_facility
562	broadcast.genre
708	broadcast.internet_stream
679	broadcast.podcast_feed
534	broadcast.producer
229	broadcast.radio_affiliation_duration
1019	broadcast.radio_format
1404	broadcast.radio_network
535	broadcast.radio_station
1218	broadcast.radio_station_owner
165	broadcast.tv_affiliation_duration
178	broadcast.tv_channel
1427	broadcast.tv_signal_type
530	broadcast.tv_station
1184	broadcast.tv_station_owner
860	broadcast.tv_terrestrial_broadcast_facility
49	business.acquisition
965	business.advertising_slogan
461	business.asset
752	business.asset_owner
814	business.asset_ownership
102	business.board_member
598	business.board_member_title
249	business.brand
1328	business.brand_colors
361	business.brand_slogan
211	business.business_location
115	business.business_operation
474	business.company_advisor
39	business.company_brand_relationship
940	business.company_name_change
56	business.company_product_line_relationship
221	business.company_product_relationship
1138	business.company_termination_type
1436	business.company_type
891	business.competitive_space
275	business.competitive_space_mediator
181	business.consumer_company
67	business.consumer_product
1664	business.currency_sub_unit
553	business.customer
262	business.defunct_company
85	business.employer
83	business.employment_tenure
1385	business.endorsed_product
987	business.holding
472	business.industry
942	business.issue
1748	business.issue_type
332	business.issuer
278	business.job_title
1249	business.market_index
1256	business.market_share
1569	business.market_size
959	business.oil_field
299	business.open_times
312	business.product_category
1288	business.product_endorsee
1199	business.product_endorsement
1219	business.product_endorser
489	business.product_ingredient
205	business.product_line
498	business.product_theme
1881	business.product_with_ingredients
601	business.shareholder
536	business.shopping_center
1108	business.shopping_center_owner
384	business.sponsor
289	business.sponsored_recipient
737	business.sponsorship
740	business.stock_ticker_symbol
1268	business.trade_union
1603	celebrities.abused_substance
324	celebrities.celebrity
1212	celebrities.friendship
1080	celebrities.legal_entanglement
1352	celebrities.reason_for_arrest
1744	celebrities.rehab
1195	celebrities.rehab_facility
1536	celebrities.rivalry
126	celebrities.romantic_relationship
1839	celebrities.romantic_relationship_type
2040	celebrities.sexual_orientation
843	celebrities.sexual_orientation_phase
1296	celebrities.substance_abuse_problem
1939	celebrities.supercouple
861	chemistry.atomic_mass
1640	chemistry.chemical_bond
990	chemistry.chemical_classification
410	chemistry.chemical_compound
1133	chemistry.chemical_element
1584	chemistry.chemical_series
1186	chemistry.electron_affinity
1181	chemistry.element_discoverer
862	chemistry.isotope
1453	chemistry.isotope_decay
1441	chemistry.molecular_entity
1710	chemistry.particle_spin
1963	chemistry.periodic_table_block
1956	chemistry.phase_of_matter
1909	chemistry.radioactive_decay_mode
1485	chemistry.solubility
1050	chemistry.solubility_relationship
2044	chess.chess_color
1630	chess.chess_game
1960	chess.chess_game_outcome
779	chess.chess_game_participation
1371	chess.chess_move
433	chess.chess_player
1337	comedy.comedian
1473	comedy.comedy_genre
1332	comedy.comedy_group
1758	comedy.comedy_group_membership
437	comic_books.comic_book_character
1297	comic_books.comic_book_colorist
462	comic_books.comic_book_creator
1367	comic_books.comic_book_editor
622	comic_books.comic_book_fictional_universe
1413	comic_books.comic_book_genre
593	comic_books.comic_book_inker
854	comic_books.comic_book_issue
1172	comic_books.comic_book_letterer
1167	comic_books.comic_book_penciler
817	comic_books.comic_book_publisher
160	comic_books.comic_book_series
642	comic_books.comic_book_story
865	comic_books.comic_book_story_arc
1264	comic_books.comic_book_writer
750	comic_books.comic_story_printing
523	comic_strips.comic_strip
649	comic_strips.comic_strip_character
826	comic_strips.comic_strip_creator
618	comic_strips.comic_strip_creator_duration
1795	comic_strips.comic_strip_creator_role
1111	comic_strips.comic_strip_genre
1425	comic_strips.comic_strip_syndicate
1140	comic_strips.comic_strip_syndicate_duration
2067	common.document
2068	common.image
2064	common.topic
504	community.discussion_thread
456	computer.computer
475	computer.computer_designer
844	computer.computer_emulator
1281	computer.computer_manufacturer_brand
880	computer.computer_peripheral
1176	computer.computer_peripheral_class
486	computer.computer_processor
1505	computer.computer_product_line
473	computer.computer_scientist
1129	computer.computing_platform
1072	computer.content_license
637	computer.file_format
1449	computer.file_format_genre
1663	computer.html_layout_engine
409	computer.internet_protocol
435	computer.operating_system
1345	computer.operating_system_developer
1349	computer.os_compatibility
620	computer.processor_manufacturer
490	computer.programming_language
1245	computer.programming_language_designer
1317	computer.programming_language_developer
839	computer.programming_language_paradigm
1540	computer.protocol_provider
161	computer.software
208	computer.software_compatibility
295	computer.software_developer
822	computer.software_genre
907	computer.software_license
1231	computer.web_browser
1739	computer.web_browser_extension
653	conferences.conference
1397	conferences.conference_proceedings
796	conferences.conference_series
944	conferences.conference_sponsor
1118	conferences.conference_subject
1016	conferences.conference_venue
1737	conferences.type_of_conference
1163	cricket.cricket_administrative_body
1695	cricket.cricket_batting_stroke
154	cricket.cricket_bowler
695	cricket.cricket_bowler_stats
1812	cricket.cricket_bowling_pace
1694	cricket.cricket_bowling_technique
935	cricket.cricket_coach
1512	cricket.cricket_coach_tenure
950	cricket.cricket_delivery_type
1869	cricket.cricket_league
1254	cricket.cricket_match
1614	cricket.cricket_match_type
155	cricket.cricket_player
1847	cricket.cricket_player_debut
694	cricket.cricket_player_stats
1769	cricket.cricket_roster
626	cricket.cricket_roster_batting
1760	cricket.cricket_roster_bowling
1938	cricket.cricket_roster_extras
2011	cricket.cricket_roster_keeping
1755	cricket.cricket_series
1808	cricket.cricket_series_event
1239	cricket.cricket_stadium
1304	cricket.cricket_team
2061	cricket.cricket_team_stats
1788	cricket.cricket_tournament
1292	cricket.cricket_tournament_event
224	cricket.cricket_umpire
1582	cricket.cricket_umpire_panel
1908	cricket.cricket_umpire_panel_membership
1500	cricket.dismissal_type
1964	cricket.fall_of_wicket
2024	cricket.team_inning_batting_stats
1102	cvg.computer_game_compilation
1168	cvg.computer_game_content_descriptor
1158	cvg.computer_game_distribution_system
683	cvg.computer_game_engine
1217	cvg.computer_game_engine_developer
902	cvg.computer_game_engine_family
1018	cvg.computer_game_evaluation
1221	cvg.computer_game_expansion
1546	cvg.computer_game_mod
1866	cvg.computer_game_performance_type
1290	cvg.computer_game_rating
1291	cvg.computer_game_rating_system
1590	cvg.computer_game_region
1093	cvg.computer_game_subject
70	cvg.computer_videogame
458	cvg.cvg_designer
348	cvg.cvg_developer
388	cvg.cvg_genre
436	cvg.cvg_platform
1763	cvg.cvg_platform_family
459	cvg.cvg_publisher
588	cvg.game_character
611	cvg.game_performance
685	cvg.game_series
597	cvg.game_version
325	cvg.game_voice_actor
1917	cvg.gameplay_mode
1479	cvg.input_method
1302	cvg.musical_game
516	cvg.musical_game_song
900	cvg.musical_game_song_relationship
428	cvg.video_game_soundtrack
1641	dataworld.attribution_namespace
1705	dataworld.attribution_template
2022	dataworld.data_project
1780	dataworld.data_project_type
1113	dataworld.data_provider
1559	dataworld.data_task
1277	dataworld.data_task_category
1818	dataworld.data_task_status
2025	dataworld.data_tool
1654	dataworld.do_not_merge_mediator
1410	dataworld.external
1330	dataworld.gardening_hint
1491	dataworld.gardening_task
996	dataworld.incompatible_types
406	dataworld.information_source
1035	dataworld.mass_data_load
86	dataworld.mass_data_operation
1354	dataworld.property_value_assignment
2053	dataworld.protected_namespace
51	dataworld.provenance
1933	dataworld.public_type_schema_change
1202	dataworld.software_tool
1892	dataworld.subgraph
2059	dataworld.type_project
1730	dataworld.type_projects
784	dataworld.user_reversion_operation
1981	digicams.camera_color_filter_array_type
1802	digicams.camera_compressed_format
1914	digicams.camera_digital_zoom_capability
741	digicams.camera_dimensions
1766	digicams.camera_format
1389	digicams.camera_image_ratio
1629	digicams.camera_image_stabilization
1588	digicams.camera_iso
728	digicams.camera_resolution
1517	digicams.camera_sensor_manufacturer
1182	digicams.camera_sensor_size
1982	digicams.camera_sensor_type
1817	digicams.camera_storage_type
1691	digicams.camera_uncompressed_format
485	digicams.camera_viewfinder_type
681	digicams.digital_camera
1516	digicams.digital_camera_manufacturer
1660	digicams.image_stabilization_type
565	dining.chef
453	dining.cuisine
494	dining.restaurant
939	dining.restaurant_chef_association
947	distilled_spirits.blended_spirit
1326	distilled_spirits.blended_spirit_style
669	distilled_spirits.distilled_spirit
1305	distilled_spirits.distilled_spirit_type
841	distilled_spirits.distillery
1718	distilled_spirits.fermentation_base
1594	distilled_spirits.infused_spirit
1109	distilled_spirits.infused_spirit_style
1856	distilled_spirits.spirit_aging
1593	distilled_spirits.spirit_blender
1563	distilled_spirits.spirit_bottler
1678	distilled_spirits.spirit_producing_region
113	education.academic
609	education.academic_institution
302	education.academic_post
979	education.academic_post_title
121	education.acceptance_rate
746	education.athletics_brand
206	education.department
600	education.dissertation
20	education.education
347	education.educational_degree
393	education.educational_institution
396	education.educational_institution_campus
259	education.field_of_study
493	education.fraternity_sorority
1273	education.fraternity_sorority_type
1097	education.gender_enrollment
825	education.grade_level
360	education.honorary_degree
840	education.honorary_degree_recipient
518	education.school
469	education.school_category
527	education.school_district
1144	education.school_magazine
803	education.school_mascot
1175	education.school_newspaper
1391	education.student_organization
571	education.student_radio_station
296	education.student_teacher_ratio
395	education.university
1188	education.university_system
2013	engineering.battery
764	engineering.battery_cell_type
1871	engineering.battery_shape_format
1462	engineering.battery_size
1884	engineering.battery_size_cell_variation
1644	engineering.channel_access_method
1949	engineering.electric_current_type
768	engineering.engine
701	engineering.engine_category
1707	engineering.engine_cooling_method
1767	engineering.engine_designer
1791	engineering.engine_energy_source
1807	engineering.fuel_delivery_method
1970	engineering.location_with_mains_power
1962	engineering.mains_power
1124	engineering.material
1715	engineering.material_composition
1434	engineering.piston_configuration
1870	engineering.piston_engine
1902	engineering.power_plug_standard
1633	engineering.power_plug_standard_type
767	engineering.reaction_engine
1203	engineering.signal_modulation_mode
1639	engineering.valvetrain_configuration
568	event.disaster
1623	event.disaster_affected_structure
1024	event.disaster_survivor
447	event.disaster_type
876	event.disaster_victim
1728	event.event_producer
1920	event.event_promoter
1067	event.presented_work
1832	event.produced_event
1930	event.promoted_event
961	event.public_speaker
654	event.public_speaking_event
226	event.speech_or_presentation
1353	event.speech_topic
888	event.type_of_public_presentation
866	exhibitions.exhibit
819	exhibitions.exhibition
1396	exhibitions.exhibition_curator
608	exhibitions.exhibition_producer
785	exhibitions.exhibition_run
606	exhibitions.exhibition_sponsor
515	exhibitions.exhibition_subject
607	exhibitions.exhibition_venue
786	exhibitions.type_of_exhibition
1313	fashion.clothing_size
1420	fashion.designer_label_association
1729	fashion.fashion_category
339	fashion.fashion_designer
1095	fashion.fashion_label
1753	fashion.fashion_week
1562	fashion.fiber
934	fashion.garment
1150	fashion.textile
1392	fashion.weave
1615	fictional_universe.calendar_system_directionality
1841	fictional_universe.character_gender
390	fictional_universe.character_occupation
514	fictional_universe.character_powers
585	fictional_universe.character_rank
167	fictional_universe.character_species
1131	fictional_universe.ethnicity_in_fiction
1261	fictional_universe.event_in_fiction
1390	fictional_universe.fictional_calendar_system
22	fictional_universe.fictional_character
457	fictional_universe.fictional_character_creator
1272	fictional_universe.fictional_creature
964	fictional_universe.fictional_date_time
655	fictional_universe.fictional_employer
739	fictional_universe.fictional_employment_tenure
975	fictional_universe.fictional_job_title
879	fictional_universe.fictional_language
887	fictional_universe.fictional_object
1687	fictional_universe.fictional_object_destroyer
1686	fictional_universe.fictional_object_destruction_method
699	fictional_universe.fictional_organization
1153	fictional_universe.fictional_organization_founder
1156	fictional_universe.fictional_organization_type
1408	fictional_universe.fictional_plant
366	fictional_universe.fictional_setting
1624	fictional_universe.fictional_substance
623	fictional_universe.fictional_universe
751	fictional_universe.fictional_universe_creator
210	fictional_universe.marriage_of_fictional_characters
1117	fictional_universe.medical_condition_in_fiction
190	fictional_universe.person_in_fiction
301	fictional_universe.romantic_involvement
656	fictional_universe.school_in_fiction
898	fictional_universe.sibling_relationship_of_fictional_characters
1315	fictional_universe.type_of_fictional_setting
238	fictional_universe.work_of_fiction
73	film.actor
74	film.cinematographer
918	film.content_rating
1493	film.content_rating_system
35	film.director
150	film.dubbing_performance
61	film.editor
38	film.film
128	film.film_art_director
256	film.film_casting_director
23	film.film_character
1451	film.film_collection
591	film.film_company
869	film.film_company_role_or_service
195	film.film_costumer_designer
8	film.film_crew_gig
19	film.film_crewmember
1411	film.film_critic
95	film.film_cut
1771	film.film_cut_type
1676	film.film_distribution_medium
672	film.film_distributor
517	film.film_featured_song
131	film.film_festival
45	film.film_festival_event
1236	film.film_festival_focus
1262	film.film_festival_sponsor
169	film.film_festival_sponsorship
1023	film.film_film_company_relationship
166	film.film_film_distributor_relationship
1320	film.film_format
1059	film.film_genre
846	film.film_job
269	film.film_location
240	film.film_production_designer
14	film.film_regional_release_date
46	film.film_screening_venue
104	film.film_series
280	film.film_set_designer
1215	film.film_song
842	film.film_song_performer
1343	film.film_song_relationship
129	film.film_story_contributor
338	film.film_subject
1179	film.film_theorist
75	film.music_contributor
21	film.performance
196	film.person_or_entity_appearing_in_film
27	film.personal_film_appearance
1697	film.personal_film_appearance_type
12	film.producer
180	film.production_company
1610	film.special_film_performance_type
72	film.writer
938	finance.currency
1789	finance.exchange_operator
1988	finance.exchange_operator_relationship
747	finance.exchange_rate
856	finance.stock_exchange
777	food.beer
1600	food.beer_container
798	food.beer_containment
984	food.beer_country_region
1726	food.beer_production
616	food.beer_style
1661	food.beer_style_category
670	food.beverage
1682	food.beverage_type
1350	food.bottled_water
521	food.brewery_brand_of_beer
753	food.candy_bar
971	food.candy_bar_manufacturer
723	food.cheese
1752	food.cheese_certification
1941	food.cheese_milk_source
1794	food.cheese_texture
1496	food.culinary_measure
1314	food.culinary_technique
1393	food.culinary_tool
1732	food.diet
970	food.diet_follower
2033	food.dietary_restriction
519	food.dish
850	food.drinking_establishment
1824	food.drinking_establishment_type
386	food.food
341	food.ingredient
1895	food.licensee
2017	food.licensee_tenure
1012	food.nutrient
255	food.nutrition_fact
1419	food.recipe
1376	food.recipe_author
1576	food.recipe_collection
962	food.recipe_ingredient
917	food.tea
1459	food.tea_type
897	food.type_of_dish
1132	food.wine_style
495	games.game
630	games.game_designer
703	games.game_expansion
627	games.game_genre
629	games.game_publisher
1877	games.playing_card_deck_type
660	games.playing_card_game
2032	games.playing_card_game_play_direction
297	geography.body_of_water
290	geography.geographical_feature
416	geography.geographical_feature_category
749	geography.glacier
1998	geography.glacier_status
2001	geography.glacier_terminus
1925	geography.glacier_type
383	geography.island
868	geography.island_group
298	geography.lake
1323	geography.lake_type
291	geography.mountain
1065	geography.mountain_age
1550	geography.mountain_listing
1090	geography.mountain_pass
557	geography.mountain_range
1502	geography.mountain_type
528	geography.mountaineer
346	geography.river
657	geography.waterfall
1781	geography.waterfall_type
1003	geology.geological_formation
1183	geology.rock_type
512	government.election
314	government.election_campaign
1073	government.election_poll
1074	government.election_poll_score
2051	government.election_with_polls
1284	government.electoral_college
1673	government.electoral_college_elected_office
1363	government.form_of_government
560	government.general_election
541	government.government
450	government.government_agency
1331	government.government_issued_permit
1227	government.government_office_category
48	government.government_office_or_title
2026	government.government_permit_type
54	government.government_position_held
1426	government.government_service
1665	government.government_service_channel
1736	government.government_service_type
81	government.governmental_body
271	government.governmental_jurisdiction
1469	government.indirect_election
718	government.legislative_committee
93	government.legislative_committee_membership
1386	government.legislative_committee_title
953	government.legislative_election_results
664	government.legislative_session
661	government.national_anthem
1086	government.national_anthem_of_a_country
1164	government.parliamentary_election
579	government.political_appointer
529	government.political_district
1445	government.political_ideology
176	government.political_party
164	government.political_party_tenure
55	government.politician
1904	government.poll_respondent_category
1783	government.polled_entity
1570	government.polling_authority
730	government.primary_election
446	government.u_s_congressperson
1112	government.us_president
884	government.us_presidential_campaign
1075	government.us_vice_president
1672	government.us_vice_presidential_campaign
524	ice_hockey.hockey_coach
1225	ice_hockey.hockey_conference
1656	ice_hockey.hockey_division
659	ice_hockey.hockey_player
1136	ice_hockey.hockey_position
781	ice_hockey.hockey_team
1004	imdb.topic
217	influence.influence_node
742	influence.peer_relationship
877	interests.collectable_item
896	interests.collection
1604	interests.collection_activity
313	interests.collection_category
949	interests.collector
1104	interests.hobby
1266	interests.hobbyist
1105	interests.interest
1347	internet.api
125	internet.blog
308	internet.blogger
134	internet.localized_uri
1513	internet.protocol
316	internet.social_network_user
745	internet.top_level_domain
614	internet.top_level_domain_registry
615	internet.top_level_domain_sponsor
1483	internet.top_level_domain_status
1764	internet.top_level_domain_type
92	internet.website
345	internet.website_category
109	internet.website_owner
281	internet.website_ownership
1850	internet.website_status
1126	kp_lw.common.topic
1125	kp_lw.philosopher
1912	kp_lw.philosophy_era
1774	kp_lw.philosophy_influencee
1607	kp_lw.philosophy_influencer
1786	kp_lw.philosophy_interest
2010	kp_lw.philosophy_region
1759	kp_lw.philosophy_school
1816	kp_lw.wine_grape_variety
1310	language.conlang
1965	language.conlang_purpose
576	language.human_language
1271	language.language_creator
904	language.language_dialect
367	language.language_family
2020	language.language_regulator
736	language.language_writing_system
1585	language.language_writing_type
967	language.languoid
1155	law.constitution
1568	law.constitutional_amendment
1675	law.constitutional_amendment_proposer
1874	law.constitutional_convention
2037	law.constitutional_convention_delegate
893	law.court
1719	law.court_courthouse_relationship
870	law.court_jurisdiction_area
709	law.courthouse
1932	law.international_patent_category
311	law.invention
407	law.inventor
253	law.judge
1039	law.judicial_tenure
1327	law.judicial_title
349	law.legal_case
1000	law.legal_case_party_relationship
1170	law.legal_party_role
1263	law.legal_subject
704	law.litigant
1206	law.patent_assignee
1632	law.patent_office
1017	law.us_patent
1743	law.us_patent_category
1662	law.us_patent_type
724	library.public_library
647	library.public_library_system
293	location.adjoining_relationship
270	location.administrative_division
288	location.administrative_division_capital_relationship
1501	location.ar_commune
729	location.ar_department
641	location.ar_province
1987	location.australian_external_territory
543	location.australian_local_government_area
983	location.australian_state
546	location.australian_suburb
1810	location.australian_territory
2029	location.br_federal_district
1626	location.br_state
1151	location.ca_census_division
1621	location.ca_indian_reserve
1995	location.ca_territory
1822	location.capital_category
146	location.capital_of_administrative_division
575	location.cemetery
100	location.census_designated_place
760	location.census_tract
130	location.citytown
1152	location.cn_autonomous_county
1465	location.cn_autonomous_prefecture
1599	location.cn_autonomous_region
1531	location.cn_city_district
775	location.cn_county
714	location.cn_county_level_city
1882	location.cn_municipality
1723	location.cn_prefecture
1119	location.cn_prefecture_level_city
1432	location.cn_province
1997	location.cn_special_administrative_region
773	location.co2_emission
1537	location.continent
913	location.cotermination
402	location.country
99	location.dated_location
1524	location.de_borough
702	location.de_city
1260	location.de_regierungsbezirk
400	location.de_rural_district
1542	location.de_state
1228	location.de_urban_district
1996	location.electricity_production
1921	location.es_autonomous_city
1836	location.es_autonomous_community
1431	location.es_comarca
1954	location.es_place_of_sovereignty
1637	location.es_province
836	location.fr_department
837	location.fr_region
25	location.geocode
761	location.geometry
1778	location.hk_district
97	location.hud_county_place
98	location.hud_foreclosure_area
922	location.hud_mfa
1815	location.hud_nmfa
921	location.hud_section_8_area
1194	location.id_city
1294	location.id_province
832	location.id_regency
1335	location.id_subdistrict
789	location.imports_and_exports
1171	location.imports_exports_by_industry
1298	location.in_city
1149	location.in_district
1318	location.in_division
272	location.in_state
1745	location.in_union_territory
1741	location.irish_province
1038	location.it_comune
998	location.it_frazione
1303	location.it_province
1224	location.it_region
678	location.jp_city_town
1575	location.jp_designated_city
602	location.jp_district
1336	location.jp_prefecture
1861	location.jp_special_ward
1734	location.jp_subprefecture
2047	location.jp_ward
1265	location.kp_city
1846	location.kp_county
1953	location.kp_metropolitan_city
1945	location.kp_province
1740	location.kp_special_city
13	location.location
776	location.location_symbol_relationship
119	location.mailing_address
1362	location.metropolitan_area
1612	location.metropolitan_area_anchor
1572	location.metropolitan_area_category
2041	location.mx_federal_district
1849	location.mx_federal_district_borough
1316	location.mx_municipality
1659	location.mx_state
1943	location.my_district
1688	location.my_division
2012	location.my_federal_territory
1549	location.my_state
1508	location.natural_gas_production
424	location.neighborhood
1088	location.nl_municipality
1414	location.nl_province
1466	location.offical_symbol_variety
1571	location.oil_production
223	location.partial_containment_relationship
759	location.place_with_neighborhoods
143	location.postal_code
1139	location.pr_municipality
1492	location.province
821	location.region
770	location.religion_percentage
1944	location.ru_autonomous_oblast
1721	location.ru_autonomous_okrug
1619	location.ru_federal_city
1989	location.ru_federal_district
1746	location.ru_krai
1890	location.ru_oblast
1971	location.ru_raion
1768	location.ru_republic
96	location.statistical_region
401	location.symbol_of_administrative_division
1889	location.tr_region
1509	location.tw_direct_controlled_municipality
1708	location.tw_district
1991	location.tw_province
1282	location.tw_provincial_city
1969	location.tw_township
1482	location.ua_oblast
1208	location.ua_raion
507	location.uk_civil_parish
1825	location.uk_constituent_country
1504	location.uk_council_area
2056	location.uk_crown_dependency
1765	location.uk_district
1346	location.uk_london_borough
1782	location.uk_metropolitan_borough
1986	location.uk_metropolitan_county
1677	location.uk_non_metropolitan_county
368	location.uk_non_metropolitan_district
1820	location.uk_overseas_territory
1533	location.uk_principal_area
1942	location.uk_region
369	location.uk_statistical_location
1005	location.uk_unitary_authority
807	location.us_cbsa
1010	location.us_county
1887	location.us_federal_district
1169	location.us_indian_reservation
1566	location.us_metropolitan_division
872	location.us_state
1476	location.us_territory
1859	location.vn_centrally_controlled_municipality
508	location.vn_province
1574	location.vn_provincial_city
1784	location.vn_township
1867	location.vn_urban_district
491	martial_arts.martial_art
1515	martial_arts.martial_art_category
425	martial_arts.martial_artist
1499	martial_arts.martial_arts_certification
1319	martial_arts.martial_arts_organization
1628	martial_arts.martial_arts_qualification
2054	measurement_unit.absorbed_dose_rate_unit
2006	measurement_unit.absorbed_dose_unit
1698	measurement_unit.acceleration_unit
1040	measurement_unit.adjusted_money_value
1750	measurement_unit.amount_concentration_unit
1840	measurement_unit.angle_unit
1974	measurement_unit.angular_acceleration_unit
1918	measurement_unit.angular_velocity_unit
1597	measurement_unit.area_unit
2007	measurement_unit.capacitance_unit
1857	measurement_unit.catalytic_activity_unit
1983	measurement_unit.catalytic_concentration_unit
1586	measurement_unit.charge_unit
1278	measurement_unit.common_dimension
1919	measurement_unit.conductance_unit
1422	measurement_unit.current_unit
1647	measurement_unit.data_size_unit
919	measurement_unit.dated_float
1951	measurement_unit.dated_index_value
138	measurement_unit.dated_integer
1082	measurement_unit.dated_kgoe
1081	measurement_unit.dated_kilowatt_hour
1083	measurement_unit.dated_metric_ton
120	measurement_unit.dated_money_value
1052	measurement_unit.dated_percentage
1251	measurement_unit.dated_ratio
1178	measurement_unit.dimension
743	measurement_unit.dimensions
1606	measurement_unit.distance_unit
2014	measurement_unit.dose_equivalence_unit
1990	measurement_unit.electric_charge_density_unit
1280	measurement_unit.electric_field_strength_unit
2021	measurement_unit.electric_flux_density_unit
2062	measurement_unit.energy_density_unit
1779	measurement_unit.energy_unit
2036	measurement_unit.exposure_unit
867	measurement_unit.floating_point_range
1674	measurement_unit.force_moment_unit
1984	measurement_unit.fuel_economy_unit
2046	measurement_unit.heat_capacity_unit
2009	measurement_unit.illuminance_unit
2045	measurement_unit.inductance_unit
631	measurement_unit.integer_range
696	measurement_unit.integer_ratio
1896	measurement_unit.inverse_temperature_unit
1950	measurement_unit.luminance_unit
1679	measurement_unit.luminous_flux_unit
2035	measurement_unit.luminous_intensity_unit
1886	measurement_unit.magnetic_field_strength_unit
1923	measurement_unit.magnetic_flux_density_unit
1979	measurement_unit.magnetic_flux_unit
1497	measurement_unit.mass_unit
1433	measurement_unit.measurement_system
1355	measurement_unit.measuring_instrument
2023	measurement_unit.molar_energy_unit
1955	measurement_unit.molar_heat_capacity_unit
2003	measurement_unit.molar_volume_unit
1020	measurement_unit.monetary_range
693	measurement_unit.money_value
1706	measurement_unit.permeability_unit
2015	measurement_unit.permittivity_unit
2034	measurement_unit.potential_unit
2005	measurement_unit.power_unit
1359	measurement_unit.pressure_unit
1851	measurement_unit.radiance_unit
2030	measurement_unit.radiant_intensity_unit
2008	measurement_unit.radioactivity_unit
479	measurement_unit.rect_size
1049	measurement_unit.recurring_money_value
2050	measurement_unit.resistance_unit
1797	measurement_unit.solid_angle_unit
1461	measurement_unit.specific_energy_unit
1876	measurement_unit.specific_heat_capacity_unit
1258	measurement_unit.speed_unit
1716	measurement_unit.substance_unit
2016	measurement_unit.surface_tension_unit
1130	measurement_unit.temperature_unit
2048	measurement_unit.thermal_conductivity_unit
820	measurement_unit.time_interval
1198	measurement_unit.time_unit
2052	measurement_unit.unit_of_brake_specific_fuel_consumption
2000	measurement_unit.unit_of_cargo_capacity
1671	measurement_unit.unit_of_conductivity
1958	measurement_unit.unit_of_data_transmission_rate
1800	measurement_unit.unit_of_density
1994	measurement_unit.unit_of_force
1180	measurement_unit.unit_of_frequency
1985	measurement_unit.unit_of_molar_mass
1858	measurement_unit.unit_of_resistivity
2058	measurement_unit.unit_of_specific_fuel_consumption
2057	measurement_unit.unit_of_symbol_rate
1993	measurement_unit.unit_of_volumetric_flow_rate
1148	measurement_unit.viscosity_unit
1519	measurement_unit.volume_unit
2063	measurement_unit.volumetric_heat_capacity_unit
1803	measurement_unit.wavenumber_unit
391	media_common.adaptation
404	media_common.adapted_work
7	media_common.cataloged_instance
1717	media_common.cause_of_loss
1731	media_common.completer_of_unfinished_work
1622	media_common.completion_of_unfinished_work
65	media_common.creative_work
632	media_common.dedicated_work
467	media_common.dedicatee
847	media_common.dedication
1274	media_common.dedicator
1831	media_common.finished_work
1058	media_common.literary_genre
1338	media_common.lost_work
186	media_common.media_genre
1381	media_common.media_genre_equivalent_topic
561	media_common.netflix_genre
292	media_common.netflix_title
625	media_common.quotation
1209	media_common.quotation_addressee
545	media_common.quotation_source
829	media_common.quotation_subject
863	media_common.unfinished_work
554	medicine.anatomical_structure
1223	medicine.artery
1480	medicine.biofluid
1259	medicine.bone
646	medicine.brain
791	medicine.cancer_center
802	medicine.cancer_center_constituent
1785	medicine.cancer_center_type
1999	medicine.compound_drug
818	medicine.condition_prevention_factors
1556	medicine.contraindication
1520	medicine.cranial_nerve
1257	medicine.diagnostic_sign
539	medicine.diagnostic_test
1324	medicine.diagnostic_test_signs
379	medicine.disease
376	medicine.disease_cause
823	medicine.disease_stage
483	medicine.drug
1510	medicine.drug_administration_route
1057	medicine.drug_brand
1046	medicine.drug_class
497	medicine.drug_dosage_flavor
1490	medicine.drug_dosage_form
1868	medicine.drug_form_shape
1044	medicine.drug_formulation
1045	medicine.drug_formulation_category
482	medicine.drug_ingredient
1041	medicine.drug_label_section
1642	medicine.drug_legal_status
989	medicine.drug_manufacturer
1238	medicine.drug_mechanism_of_action
1636	medicine.drug_physiologic_effect
788	medicine.drug_pregnancy_category
1773	medicine.drug_regulating_authority
1048	medicine.drug_strength
1047	medicine.drug_therapeutic_equivalence_relationship
1553	medicine.fda_otc_monograph_part
1115	medicine.hormone
559	medicine.hospital
1356	medicine.hospital_ownership
1948	medicine.hospital_ownership_status
375	medicine.icd_9_cm_classification
1128	medicine.infectious_disease
1545	medicine.ligament
1043	medicine.manufactured_drug_form
1439	medicine.medical_device
522	medicine.medical_specialty
411	medicine.medical_treatment
1725	medicine.medical_trial
1645	medicine.medical_trial_design
1772	medicine.medical_trial_health_authority
1488	medicine.medical_trial_phase
1207	medicine.medical_trial_sponsor
1667	medicine.medical_trial_type
1134	medicine.muscle
995	medicine.nerve
322	medicine.notable_person_with_medical_condition
492	medicine.physician
377	medicine.risk_factor
1096	medicine.routed_drug
663	medicine.surgeon
1534	medicine.survival_rate
399	medicine.symptom
1968	medicine.transmission_route
1711	medicine.type_of_infectious_agent
1443	medicine.vaccine
1635	medicine.vaccine_developer
1279	medicine.vector_of_disease
980	medicine.vein
1913	meteorology.beaufort_wind_force
387	meteorology.cloud
1931	meteorology.cloud_classification
711	meteorology.cyclone_affected_area
1775	meteorology.forecast_zone
1652	meteorology.meteorological_service
651	meteorology.tropical_cyclone
510	meteorology.tropical_cyclone_category
1103	meteorology.tropical_cyclone_season
499	metropolitan_transit.transit_agency
503	metropolitan_transit.transit_line
1237	metropolitan_transit.transit_service_type
496	metropolitan_transit.transit_stop
445	metropolitan_transit.transit_system
1538	metropolitan_transit.transit_vehicle
624	military.armed_force
443	military.battle
812	military.casualties
1368	military.casualties_type
811	military.force_strength
283	military.military_combatant
122	military.military_combatant_group
328	military.military_command
855	military.military_commander
335	military.military_conflict
264	military.military_person
738	military.military_post
1339	military.military_post_use
974	military.military_posting
1423	military.military_resource
236	military.military_service
1826	military.military_theater
538	military.military_unit
871	military.military_unit_place_of_origin
1738	military.military_unit_size
263	military.rank
587	military.war
9	music.album
1922	music.album_content_type
1915	music.album_release_type
258	music.arrangement
4	music.artist
652	music.bassist
114	music.composer
6	music.composition
858	music.compositional_form
1361	music.concert
945	music.concert_film
1084	music.concert_performance
1880	music.concert_performance_role
1299	music.concert_set_list
282	music.concert_tour
471	music.conducted_ensemble
845	music.conducting_tenure
389	music.conductor
1071	music.drummer
63	music.engineer
62	music.featured_artist
610	music.festival
260	music.genre
124	music.group_member
32	music.group_membership
463	music.guitar
441	music.guitarist
431	music.instrument
1116	music.live_album
216	music.lyricist
1383	music.media_format
599	music.multipart_release
152	music.music_video
1055	music.music_video_character
1494	music.music_video_choreographer
1031	music.music_video_crewmember
454	music.music_video_director
1616	music.music_video_genre
1475	music.music_video_gig
1811	music.music_video_job
199	music.music_video_performance
212	music.music_video_performer
1532	music.music_video_subject
1295	music.musical_chord
135	music.musical_group
1374	music.musical_instrument_company
906	music.musical_scale
1888	music.musical_tribute_act
1792	music.musician_profession
1185	music.opera_singer
470	music.orchestra
430	music.performance_role
1539	music.performance_venue
202	music.producer
200	music.record_label
2	music.recording
466	music.recording_contribution
66	music.release
442	music.release_component
3	music.release_track
1	music.single
415	music.songwriter
69	music.soundtrack
1611	music.special_music_video_performance_type
1154	music.synthesizer
1973	music.tour_manager
140	music.track_contribution
1373	music.voice
189	music.writer
1602	nytimes.topic
2049	olympics.demonstration_event_athlete_relationship
252	olympics.olympic_athlete
797	olympics.olympic_athlete_affiliation
1210	olympics.olympic_bidding_city
1450	olympics.olympic_city_bid
963	olympics.olympic_demonstration_competition
1916	olympics.olympic_demonstration_medal_honor
800	olympics.olympic_event
582	olympics.olympic_event_competition
1078	olympics.olympic_games
1211	olympics.olympic_host_city
1761	olympics.olympic_mascot
1927	olympics.olympic_medal
1926	olympics.olympic_medal_demonstration
310	olympics.olympic_medal_honor
403	olympics.olympic_participating_country
1200	olympics.olympic_sport
1655	olympics.olympic_torch_relay
365	olympics.olympic_torch_relay_location
1406	olympics.olympic_torchbearer
673	olympics.olympic_venue
417	opera.librettist
1595	opera.libretto
563	opera.opera
1034	opera.opera_character
1033	opera.opera_character_voice
748	opera.opera_company
1077	opera.opera_designer
174	opera.opera_designer_gig
1143	opera.opera_designer_role
982	opera.opera_director
853	opera.opera_genre
809	opera.opera_house
698	opera.opera_producer
193	opera.opera_production
1864	opera.opera_production_staff
1657	opera.opera_production_staff_gig
1833	opera.opera_production_staff_role
1101	opera.opera_production_venue_relationship
1591	opera.opera_recording
1089	opera.opera_role
1322	organization.australian_organization
619	organization.club
1174	organization.club_interest
908	organization.contact_category
145	organization.email_contact
558	organization.endowed_organization
91	organization.leadership
179	organization.membership_organization
1388	organization.non_profit_designation
394	organization.non_profit_organization
303	organization.non_profit_registration
77	organization.organization
233	organization.organization_board_membership
1002	organization.organization_committee
340	organization.organization_committee_membership
909	organization.organization_committee_title
101	organization.organization_founder
380	organization.organization_member
228	organization.organization_membership
772	organization.organization_merger
182	organization.organization_partnership
24	organization.organization_relationship
318	organization.organization_scope
317	organization.organization_sector
771	organization.organization_spin_off
988	organization.organization_type
350	organization.role
603	people.american_indian_group
911	people.appointed_role
487	people.appointee
580	people.appointer
932	people.appointment
1837	people.appointment_nomination
2039	people.appointment_nominee
1402	people.canadian_aboriginal_group
378	people.cause_of_death
476	people.chinese_ethnic_group
18	people.deceased_person
477	people.ethnicity
198	people.family
356	people.family_member
242	people.family_name
1844	people.gender
780	people.group
1106	people.group_membership
903	people.human_measurement
34	people.marriage
1702	people.marriage_union_type
1267	people.measured_body_part
16	people.measured_person
5	people.person
53	people.place_lived
103	people.place_of_interment
408	people.profession
978	people.professional_field
60	people.sibling_relationship
1936	people.wedding_venue
201	periodicals.newspaper_circulation_area
1821	physics.fundamental_interaction
1379	physics.hadron
1891	physics.magnetic_moment
1380	physics.particle
948	physics.particle_antiparticle
1872	physics.particle_family
1592	physics.quark
1471	physics.subatomic_mass
1648	physics.subatomic_particle_composition
1651	physics.subatomic_particle_generation
778	pipeline.delete_task
810	pipeline.merge_task
1486	pipeline.pipeline
762	pipeline.review_flag
757	pipeline.simple_merge_task
758	pipeline.task
2004	pipeline.task_profile
1699	pipeline.task_status
706	pipeline.vote
1967	pipeline.vote_value
873	projects.project
157	projects.project_focus
423	projects.project_participant
874	projects.project_participation
912	projects.project_role
1375	protected_sites.governing_body_of_protected_sites
1087	protected_sites.iucn_category
422	protected_sites.listed_site
1344	protected_sites.natural_or_cultural_preservation_agency
1351	protected_sites.natural_or_cultural_site_designation
163	protected_sites.natural_or_cultural_site_listing
1643	protected_sites.park_system
505	protected_sites.protected_site
1394	protected_sites.site_listing_category
1255	radio.radio_episode_segment
857	radio.radio_program
1240	radio.radio_program_episode
1270	radio.radio_subject
1269	rail.diesel_locomotive_class
933	rail.electric_locomotive_class
1853	rail.electric_system
790	rail.locomotive
1646	rail.locomotive_builder
556	rail.locomotive_class
1720	rail.locomotive_class_operator_relationship
1885	rail.locomotive_owner
1454	rail.locomotive_ownership
1365	rail.rail_gauge
1827	rail.rail_network
502	rail.railway
1464	rail.railway_gauge_relationship
1558	rail.railway_operator
1329	rail.railway_operator_relationship
808	rail.railway_terminus
1658	rail.railway_type
1250	rail.railway_type_relationship
1229	rail.rolling_stock_tenure
1567	rail.steam_locomotive_class
1801	rail.steam_locomotive_fuel_type
526	rail.steam_locomotive_wheel_configuration
1618	religion.adherents
572	religion.belief
1898	religion.congregation
230	religion.deity
306	religion.founding_figure
999	religion.monastery
156	religion.place_of_worship
1506	religion.place_of_worship_historical_use
1166	religion.prayer
960	religion.religion
1444	religion.religious_jurisdiction_class
451	religion.religious_leader
542	religion.religious_leadership_jurisdiction
1653	religion.religious_leadership_jurisdiction_appointment
1634	religion.religious_leadership_role
633	religion.religious_leadership_title
680	religion.religious_order
434	religion.religious_organization
276	religion.religious_organization_leadership
1165	religion.religious_practice
1204	religion.religious_text
1232	religion.type_of_place_of_worship
864	royalty.chivalric_office
1244	royalty.chivalric_order_founder
337	royalty.chivalric_order_member
250	royalty.chivalric_order_membership
1160	royalty.chivalric_order_officer
1564	royalty.chivalric_order_position_tenure
1495	royalty.chivalric_order_relationship
1213	royalty.chivalric_rank
1834	royalty.chivalric_rank_gender_equivalence
1456	royalty.chivalric_rank_precedence
1015	royalty.chivalric_title
1573	royalty.chivalric_title_gender_equivalency
1543	royalty.coronation
273	royalty.kingdom
358	royalty.monarch
357	royalty.noble_person
1578	royalty.noble_rank
1308	royalty.noble_rank_gender_equivalence
440	royalty.noble_title
1190	royalty.noble_title_gender_equivalency
183	royalty.noble_title_tenure
713	royalty.order_of_chivalry
1813	royalty.order_of_chivalry_category
1670	royalty.precedence
783	royalty.royal_line
1110	royalty.system_of_nobility
1649	royalty.system_order_relationship
1307	royalty.system_rank_relationship
901	royalty.system_title_relationship
1669	skiing.lift_tenure
1523	skiing.lift_type
1961	skiing.run_rating
1587	skiing.run_rating_symbol
581	skiing.ski_area
1583	skiing.ski_area_owner
1306	skiing.ski_area_ownership
1191	skiing.ski_lift
1122	skiing.ski_lift_manufacturer
1879	skiing.ski_lodge
1312	skiing.ski_run
1579	skiing.yearly_snowfall
851	soccer.fifa
371	soccer.football_award
1220	soccer.football_disciplinary_action
1959	soccer.football_disciplinary_punishment
57	soccer.football_goal
480	soccer.football_league
248	soccer.football_league_participation
584	soccer.football_league_season
1372	soccer.football_league_system
209	soccer.football_match
1283	soccer.football_pitch
71	soccer.football_player
1246	soccer.football_player_loan
977	soccer.football_player_match_participation
1091	soccer.football_player_stats
192	soccer.football_player_substitution
1348	soccer.football_player_transfer
1447	soccer.football_position
976	soccer.football_referee
398	soccer.football_team
82	soccer.football_team_management_tenure
254	soccer.football_team_manager
1222	soccer.football_team_manager_match_participation
370	soccer.football_world_cup
604	spaceflight.astronaut
689	spaceflight.bipropellant_rocket_engine
1742	spaceflight.mission_destination
878	spaceflight.rocket
690	spaceflight.rocket_engine
1561	spaceflight.rocket_engine_cycle
1714	spaceflight.rocket_engine_designer
1793	spaceflight.rocket_engine_fuel
1713	spaceflight.rocket_engine_manufacturer
1162	spaceflight.rocket_engine_oxidizer
1878	spaceflight.rocket_engine_status
1161	spaceflight.rocket_fuel
1398	spaceflight.rocket_function
936	spaceflight.rocket_launch_site
1521	spaceflight.rocket_manufacturer
889	spaceflight.rocket_stage
1906	spaceflight.rocket_status
354	spaceflight.satellite
899	spaceflight.satellite_manufacturer
1703	spaceflight.satellite_orbit_synchronous
1551	spaceflight.satellite_orbit_type
1756	spaceflight.satellite_type
1692	spaceflight.space_agency
613	spaceflight.space_mission
1668	spaceflight.space_program
1770	spaceflight.space_program_sponsor
353	spaceflight.spacecraft
241	sports.australian_rules_footballer
426	sports.boxer
1899	sports.boxing_stance
1666	sports.boxing_weight_division
1424	sports.coaching_position
246	sports.competitor_competition_relationship
265	sports.competitor_country_relationship
257	sports.cyclist
883	sports.defunct_sports_team
658	sports.drafted_athlete
1051	sports.fight_song
2018	sports.golf_club_access
188	sports.golf_course
712	sports.golf_course_designer
710	sports.golf_facility
686	sports.golfer
1901	sports.handedness
804	sports.mascot
111	sports.multi_event_tournament
15	sports.pro_athlete
50	sports.pro_sports_played
397	sports.professional_sports_team
688	sports.school_sports_team
464	sports.sport
1193	sports.sport_country
1928	sports.sport_medal
628	sports.sports_award
815	sports.sports_award_type
465	sports.sports_award_winner
1253	sports.sports_championship
372	sports.sports_championship_event
1123	sports.sports_equipment
251	sports.sports_facility
1843	sports.sports_gender
171	sports.sports_league
666	sports.sports_league_draft
219	sports.sports_league_draft_pick
141	sports.sports_league_participation
147	sports.sports_league_season
586	sports.sports_official
951	sports.sports_official_tenure
352	sports.sports_position
76	sports.sports_team
682	sports.sports_team_captain
1056	sports.sports_team_captain_tenure
243	sports.sports_team_coach
231	sports.sports_team_coach_tenure
455	sports.sports_team_location
1027	sports.sports_team_owner
44	sports.sports_team_roster
920	sports.sports_team_season_record
1809	sports.team_rivalry
247	sports.team_venue_relationship
952	sports.tournament_event
175	sports.tournament_event_competition
267	sports.tournament_event_competitor
1555	sports.tournament_team
1235	symbols.armorial_grant
544	symbols.coat_of_arms
284	symbols.coat_of_arms_bearer
555	symbols.flag
835	symbols.flag_referent
1063	symbols.flag_use
1855	symbols.heraldic_brisure
1689	symbols.heraldic_charge
1458	symbols.heraldic_charge_color
1685	symbols.heraldic_compartment
2027	symbols.heraldic_coronet
1440	symbols.heraldic_crest
2028	symbols.heraldic_helm
2055	symbols.heraldic_mantling
1911	symbols.heraldic_ordinaire
2060	symbols.heraldic_ordinaire_color
540	symbols.heraldic_supporter
794	symbols.heraldic_tincture
1845	symbols.heraldic_torse
1749	symbols.heraldic_variation_of_the_field
1814	symbols.heraldic_variation_of_the_field_color
1835	symbols.heraldry_granting_body
215	symbols.name_source
309	symbols.namesake
2043	tennis.tennis_grip_style
220	tennis.tennis_match
1875	tennis.tennis_match_type
612	tennis.tennis_player
668	tennis.tennis_tournament
915	tennis.tennis_tournament_champion
955	tennis.tennis_tournament_championship
468	theater.musical_director
432	theater.musical_soundtrack
149	theater.play
105	theater.theater
170	theater.theater_actor
185	theater.theater_character
1066	theater.theater_choreographer
1076	theater.theater_company
89	theater.theater_designer
79	theater.theater_designer_gig
1142	theater.theater_designer_role
245	theater.theater_director
187	theater.theater_genre
173	theater.theater_producer
203	theater.theater_production
197	theater.theater_production_staff
90	theater.theater_production_staff_gig
910	theater.theater_production_staff_role
80	theater.theater_production_venue_relationship
87	theater.theater_role
414	theater.theatrical_composer
413	theater.theatrical_lyricist
787	theater.theatrical_orchestrator
824	time.calendar
1897	time.commemorative_event
1357	time.day_of_week
765	time.day_of_year
1690	time.defunct_time_zone
47	time.event
968	time.geologic_time_period
966	time.geologic_time_period_uncertainty
697	time.holiday
1276	time.holiday_category
1448	time.holiday_period
1311	time.month
439	time.participant
123	time.recurring_event
1094	time.time_zone
734	time_series.unit
674	transportation.bridge
1159	transportation.bridge_type
1468	transportation.highway_system
133	transportation.road
1430	transportation.road_junction
159	transportation.road_orientation
139	transportation.road_starting_point
1098	transportation.transit_system_length
285	travel.accommodation
1241	travel.accommodation_feature
1681	travel.accommodation_price_range
1289	travel.accommodation_type
1387	travel.guidebook
1589	travel.guidebook_series
286	travel.hotel
1085	travel.hotel_brand
1382	travel.hotel_brand_owner
1403	travel.hotel_grade
1384	travel.hotel_grading_authority
1416	travel.hotel_guest_visit
1334	travel.hotel_operator
1358	travel.tour_operator
359	travel.tourist_attraction
444	travel.transport_operator
41	travel.transport_terminus
834	travel.transportation
235	travel.transportation_mode
194	travel.travel_destination
848	travel.travel_destination_monthly_climate
801	tv.multipart_tv_episode
1526	tv.non_character_role
108	tv.regular_tv_appearance
1333	tv.sequence_of_tv_episode_segments
1609	tv.special_tv_performance_type
650	tv.the_colbert_report_episode
168	tv.tv_actor
142	tv.tv_character
992	tv.tv_crew_gig
1147	tv.tv_crew_role
577	tv.tv_crewmember
323	tv.tv_director
957	tv.tv_episode_segment
1243	tv.tv_episode_song_relationship
905	tv.tv_genre
172	tv.tv_guest_personal_appearance
132	tv.tv_guest_role
1037	tv.tv_location
279	tv.tv_network
162	tv.tv_network_duration
144	tv.tv_personality
112	tv.tv_producer
304	tv.tv_producer_episode_credit
33	tv.tv_producer_term
2019	tv.tv_producer_type
184	tv.tv_program
191	tv.tv_program_creator
213	tv.tv_program_guest
792	tv.tv_program_writer_relationship
1733	tv.tv_rating
1828	tv.tv_rating_system
148	tv.tv_regular_personal_appearance
1903	tv.tv_segment_guest_appearance
118	tv.tv_segment_performance
1428	tv.tv_segment_personal_appearance
1893	tv.tv_segment_song_relationship
31	tv.tv_series_episode
137	tv.tv_series_season
991	tv.tv_song
1514	tv.tv_song_performer
429	tv.tv_soundtrack
590	tv.tv_subject
662	tv.tv_theme_song
214	tv.tv_writer
943	tv.video
1796	tv.video_host
1910	tv.video_type
52	type.attribution
268	type.content
478	type.content_import
2065	type.datetime
28	type.domain
1247	type.enumeration
1395	type.extension
732	type.lang
882	type.media_type
29	type.namespace
37	type.permission
151	type.property
1823	type.text
969	type.text_encoding
277	type.type
735	type.unit
30	type.user
11	type.usergroup
1366	venture_capital.investment_round
596	venture_capital.venture_funded_company
595	venture_capital.venture_investment
204	venture_capital.venture_investor
1804	visual_art.art_acquisition_method
336	visual_art.art_owner
916	visual_art.art_period_movement
567	visual_art.art_series
448	visual_art.art_subject
266	visual_art.artwork
754	visual_art.artwork_location_relationship
755	visual_art.artwork_owner_relationship
569	visual_art.color
1409	visual_art.visual_art_form
1360	visual_art.visual_art_genre
374	visual_art.visual_art_medium
373	visual_art.visual_art_support
355	visual_art.visual_artist
2042	wikipedia.topic
520	wine.appellation
1976	wine.fruit_source
692	wine.grape_variety
719	wine.grape_variety_composition
763	wine.vineyard
720	wine.wine
1484	wine.wine_color
721	wine.wine_producer
774	wine.wine_region
1625	wine.wine_sub_region
1848	wine.wine_type
1029	zoos.animal_captivity
671	zoos.zoo
1032	zoos.zoo_animal
1947	zoos.zoo_category
1030	zoos.zoo_exhibit
